;index;purchase_amount;items_claimed;user_id;reason;claim_filed_date;claim_coverage_triggered;agreement_type;claim_coverage_type_triggered;platform
0;66;8700.0;4.0;f935033a3fd0770ce9a16e8f8f6dd2c869227f96;;2019-08-06 05:18:57;Tyveri og Hærværk;home;NTHFT;iOS
1;67;23000.0;1.0;f935033a3fd0770ce9a16e8f8f6dd2c869227f96;;2019-11-29 20:08:08;Møbler;home;NAFUR;iOS
2;68;9500.0;1.0;f935033a3fd0770ce9a16e8f8f6dd2c869227f96;;2020-01-27 09:43:14;Møbler;home;NAFUR;iOS
3;69;9699.0;2.0;f935033a3fd0770ce9a16e8f8f6dd2c869227f96;;2019-07-22 07:24:12;Vandskade;home;NUTLWA;iOS
4;106;1935.0;1.0;bb9c3ed082f5eb75ffffa1412a8752e6b52a92df;;2019-08-25 14:36:44;Tyveri og Hærværk;home;NTHFT;iOS
5;154;9800.0;2.0;beeab540b6728ec326d2d0975b7f44af6144e69a;;2019-10-17 08:18:43;Tyveri og Hærværk;home;NTHFT;iOS
6;155;9800.0;1.0;beeab540b6728ec326d2d0975b7f44af6144e69a;Skærmen virker ikke/smadret;2019-09-11 21:37:56;Mobiltelefon;home;NAMOB;iOS
7;156;17900.0;2.0;beeab540b6728ec326d2d0975b7f44af6144e69a;Skærmen virker ikke/smadret;2019-09-25 12:59:48;Mobiltelefon;home;NAMOB;iOS
8;157;25000.0;2.0;beeab540b6728ec326d2d0975b7f44af6144e69a;Skærmen virker ikke/smadret;2019-10-23 18:33:55;Mobiltelefon;home;NAMOB;iOS
9;167;2500.0;1.0;9d092283c51b4d14475214213fdb9278d30a7869;;2019-11-07 08:39:54;Tyveri og Hærværk;home;NTHFT;iOS
10;170;1971.0;8.0;990ea27507662dde48f1ce346cfd46925ce0376d;;2019-11-18 14:16:09;Tyveri og Hærværk;home;NTHFT;iOS
11;171;630.0;1.0;b92b8ef9b5a689eda3e724bc1729ee33aad6429b;;2019-11-19 13:27:11;Tyveri og Hærværk;home;NTHFT;iOS
12;185;4710.0;3.0;df56dbf555852e91bb9d326c0ea19be17cfd0ce5;;2019-12-26 15:07:47;Tyveri og Hærværk;home;NTHFT;iOS
13;216;950.0;1.0;9dd1e753c432d0993c2d7fd31ad4c8073f8b14bd;;2020-01-29 09:33:40;Tyveri og Hærværk;home;NTHFT;iOS
14;237;6759.0;2.0;86d27ad89810ab800b9ce64eac7834c9ced91f5c;;2020-03-08 23:48:45;Tyveri og Hærværk;home;NTHFT;iOS
15;241;14678.0;2.0;58bcc490a5a003ecc4448c036d7c0510c197ee41;;2020-03-17 09:23:33;Tyveri og Hærværk;home;NTHFT;iOS
16;242;21499.0;10.0;58bcc490a5a003ecc4448c036d7c0510c197ee41;;2021-01-24 15:24:48;Tyveri og Hærværk;home;NTHFT;iOS
17;265;52000.0;1.0;fad1dc6bc0d2f70f613ee3f720c9b4bb6d6fd400;;2020-04-16 07:02:39;Tyveri og Hærværk;home;NTHFT;iOS
18;266;5439.0;3.0;fad1dc6bc0d2f70f613ee3f720c9b4bb6d6fd400;;2020-11-22 09:23:58;Tyveri og Hærværk;home;NTHFT;iOS
19;307;32685.0;10.0;3cc029a12596531e565dc7e4aa6afaa23b515f55;;2019-10-03 13:21:18;Tyveri og Hærværk;home;NTHFT;iOS
20;308;9505.0;1.0;3cc029a12596531e565dc7e4aa6afaa23b515f55;Skærmen virker ikke/smadret;2019-08-11 16:47:41;Mobiltelefon;home;NAMOB;iOS
21;413;4900.0;1.0;58d4e3f03dcdad7ab4376f405726c494a13b9958;;2020-01-21 12:34:17;Tyveri og Hærværk;home;NTHFT;iOS
22;459;13300.0;1.0;c602edc2f7eab7de3f329980c1de64b61a633b74;;2020-01-28 15:10:46;Tyveri og Hærværk;home;NTHFT;iOS
23;460;14280.0;2.0;c602edc2f7eab7de3f329980c1de64b61a633b74;['Andet', 'Bagsiden er flækket, højtaleren virker ikke, eller mikrofonen - og mit kamera er smadret bagpå. Højtaleren i telefonen virker meget dårligt - så kan ikke tale i telefon uden headset. '];2020-11-26 14:38:07;Mobiltelefon;home;NAMOB;iOS
24;525;11000.0;1.0;dbdfe0a670968df87c7b969242239c8babc9e4f7;;2020-09-10 11:16:15;Tyveri og Hærværk;home;NTHFT;Android
25;526;6120.0;1.0;dbdfe0a670968df87c7b969242239c8babc9e4f7;;2020-04-16 07:06:58;Mobiltelefon;home;NAMOB;Android
26;549;550.0;4.0;ba4c8ae4fd71a4c5501067523a48d5f7cca23354;;2020-10-07 13:44:49;Tyveri og Hærværk;home;NTHFT;iOS
27;559;1100.0;1.0;b48309ce54a518eb56a5a618282e534fe6775775;;2020-10-20 12:13:14;Tyveri og Hærværk;home;NTHFT;iOS
28;560;4000.0;1.0;b48309ce54a518eb56a5a618282e534fe6775775;Både glas og stel;2020-01-09 17:57:18;Briller;home;NAGLS;iOS
29;578;22000.0;1.0;47b9cdc2e97810ca2787f7e765bd09404828b1d5;;2020-11-19 12:59:31;Tyveri og Hærværk;home;NTHFT;iOS
30;582;13299.0;1.0;3abbf1a062159b5fed985cfdcbd44856ec3f5e7f;;2020-12-08 11:20:09;Tyveri og Hærværk;home;NTHFT;iOS
31;655;6877.0;6.0;0d95d5ba9571e90ab576eda11d705869a35cb57e;;2021-01-17 18:57:40;Tyveri og Hærværk;home;NTHFT;iOS
32;664;3000.0;1.0;76f0d609266a0991bc0d71820102869808d41651;;2021-02-18 06:57:19;Tyveri og Hærværk;home;NTHFT;iOS
33;665;15000.0;1.0;76f0d609266a0991bc0d71820102869808d41651;;2020-11-26 12:00:16;Møbler;home;NAFUR;iOS
34;703;1350.0;1.0;a5229bf85888767a0d26e99777fc9e6e46a78b89;;2020-09-06 10:45:43;Tyveri og Hærværk;home;NTHFT;iOS
35;718;1000.0;1.0;19ec59a94dc44ff181a720a66582df013a697950;;2020-09-28 21:17:20;Tyveri og Hærværk;home;NTHFT;iOS
36;719;3715.0;2.0;19ec59a94dc44ff181a720a66582df013a697950;;2020-09-28 21:02:10;Cykeltyveri;home;NBKET;iOS
37;728;1800.0;1.0;7bf26a9df0f0ab8744b9ec68a15b7f2f492bc090;;2020-10-06 18:08:56;Tyveri og Hærværk;home;NTHFT;iOS
38;738;19607.25;12.0;008de6e8e90be20e0e5b71ef4d2049cff9e27144;;2020-10-14 16:23:19;Tyveri og Hærværk;home;NTHFT;iOS
39;774;1079.0;1.0;a81aa40e9417195ec3c2406f681eef0ae99d1794;;2020-12-02 13:45:21;Tyveri og Hærværk;home;NTHFT;iOS
40;802;16000.0;1.0;dbddd7aaee35f93a1494621f3df22bc3b0e5fb8e;;2021-03-04 15:54:33;Tyveri og Hærværk;home;NTHFT;iOS
41;858;32150.0;2.0;f7c12ffd4d990d06fb39ee078a75876fd356c003;;2019-04-02 06:13:57;Cykeltyveri;home;NBKET;iOS
42;859;9290.0;1.0;f7c12ffd4d990d06fb39ee078a75876fd356c003;Skærmen virker ikke/smadret;2020-02-27 12:24:40;Mobiltelefon;home;NAMOB;iOS
43;870;11700.0;1.0;ebef58732b71b5ff78968680567c94c1f85751d2;;2019-08-20 09:14:37;Cykeltyveri;home;NBKET;iOS
44;912;4687.0;2.0;b4c33d0aeb6d3acd5f74228d8d20c168f9094805;;2019-11-03 14:40:50;Cykeltyveri;home;NBKET;iOS
45;936;10680.0;1.0;6a7354940ee6ce153d26f139022102245a022cdb;;2020-01-04 15:52:08;Cykeltyveri;home;NBKET;iOS
46;946;5399.0;1.0;a940621ea3594e2ba311b2628c38bdbe7b50ec98;;2020-01-30 11:50:58;Cykeltyveri;home;NBKET;iOS
47;1024;4599.0;2.0;a1b39d3391a401ed2b12225ad3066dd80cc9de36;;2020-06-07 09:32:09;Cykeltyveri;home;NBKET;iOS
48;1025;4729.0;2.0;a1b39d3391a401ed2b12225ad3066dd80cc9de36;;2020-07-06 15:43:57;Cykeltyveri;home;NBKET;iOS
49;1028;21000.0;1.0;6cd3b6880de05089b244025646c05285b2ea7563;;2019-11-04 08:22:03;Cykeltyveri;home;NBKET;iOS
50;1029;29529.0;4.0;6cd3b6880de05089b244025646c05285b2ea7563;;2021-01-23 21:31:12;Cykeltyveri;home;NBKET;iOS
51;1046;5072.0;1.0;aaeeabd1ac8b7ec9ebcbc5b10d860b8af09fb3fe;;2020-01-03 13:41:51;Cykeltyveri;home;NBKET;iOS
52;1132;2039.0;2.0;be63ebafb7791558499c18f7eb03288cd179140d;;2020-04-05 16:18:35;Cykeltyveri;home;NBKET;iOS
53;1133;5434.0;3.0;be63ebafb7791558499c18f7eb03288cd179140d;;2020-10-15 16:28:08;Cykeltyveri;home;NBKET;iOS
54;1142;8594.0;1.0;30c6127841f99890e3945b03c660da238bf8ae82;;2020-08-24 15:25:26;Cykeltyveri;home;NBKET;iOS
55;1152;15995.0;1.0;cddfd7ff18cf7401e9dda44f13f25063a105aca5;;2020-09-23 12:12:34;Cykeltyveri;home;NBKET;iOS
56;1176;5345.41;1.0;0799f1f13517595787b24e66bcd4e388534d1245;;2020-12-03 15:11:49;Cykeltyveri;home;NBKET;iOS
57;1288;11000.0;2.0;e44d63b8c661f784b1795ae6fd142f73afb74180;;2020-09-04 13:27:15;Cykeltyveri;home;NBKET;iOS
58;1299;4299.0;1.0;dfeb5ca3f892cff060cdbac402016055c641bd5b;;2020-09-18 18:02:15;Cykeltyveri;home;NBKET;iOS
59;1301;6166.0;2.0;257fb9cdf54e4111dfe583b9b4790cd0cc75f60b;;2020-09-24 15:22:26;Cykeltyveri;home;NBKET;iOS
60;1304;2199.0;1.0;1e67b9bddd9269021e7e944d7e5c1594ea2d6b2a;;2020-09-28 14:29:16;Cykeltyveri;home;NBKET;iOS
61;1314;2999.0;1.0;c19caf2b9ecf5b443baed7f7dc308be375951de4;;2020-10-13 05:42:12;Cykeltyveri;home;NBKET;iOS
62;1396;700.0;1.0;50eacdfff2f91ba1518a2eafb8192bb167adf312;;2019-10-08 18:17:41;Tøj & sko;home;NACLO;iOS
63;1398;5299.0;2.0;b38bf1eacededa66b1db083f55b2e4723758e925;;2019-07-25 17:01:13;Tøj & sko;home;NACLO;iOS
64;1443;6029.0;1.0;083a016fbe982ef36bc859fd7e2da96652f4656d;;2020-05-24 07:48:06;Tøj & sko;home;NACLO;iOS
65;1444;15500.0;1.0;083a016fbe982ef36bc859fd7e2da96652f4656d;Keyboard/Trackpad;2020-07-17 18:44:32;Computer & tablet;home;NACOM;iOS
66;1455;2699.0;1.0;ffae6e481c7b809d70c433a2d99a7954009861af;;2020-01-02 11:23:10;Tøj & sko;home;NACLO;iOS
67;1493;800.0;1.0;c711639340648f82538ff0099ceea0647d7e3aa3;;2020-05-04 12:06:01;Tøj & sko;home;NACLO;iOS
68;1494;3960.0;2.0;c711639340648f82538ff0099ceea0647d7e3aa3;Skærmen virker ikke/smadret;2020-05-04 11:59:56;Mobiltelefon;home;NAMOB;iOS
69;1511;400.0;1.0;2ca716a6bc584d1d82d0553c62616bb1f829ff8d;;2020-07-30 17:31:50;Tøj & sko;home;NACLO;iOS
70;1512;1798.0;2.0;2ca716a6bc584d1d82d0553c62616bb1f829ff8d;;2020-10-09 07:32:27;Tøj & sko;home;NACLO;iOS
71;1513;1190.0;1.0;2ca716a6bc584d1d82d0553c62616bb1f829ff8d;;2020-09-14 05:55:45;Høretelefoner;home;HeadPhonesType;iOS
72;1577;7500.0;1.0;07a730a9007d06968383d1b1e8d9e4fd1014e6a2;Ridser/skrammer;2019-04-03 13:18:21;Mobiltelefon;home;NAMOB;iOS
73;1595;8999.0;1.0;4687c499ce982efc2a8a19053e6fa0c11bf5b423;Skærmen virker ikke/smadret;2019-05-19 19:44:14;Mobiltelefon;home;NAMOB;iOS
74;1596;8500.0;2.0;4687c499ce982efc2a8a19053e6fa0c11bf5b423;Skærmen virker ikke/smadret;2020-10-21 04:11:49;Mobiltelefon;home;NAMOB;iOS
75;1736;5349.0;1.0;18e659705f182848f895ecf5c7d6e6077dfc7cb6;Lyd/mikrofon virker ikke;2019-08-16 13:52:46;Mobiltelefon;home;NAMOB;iOS
76;1750;9500.0;1.0;f6cb6cb7200875f9432141b90e275e11a3d6427d;Skærmen virker ikke/smadret;2019-09-03 07:36:31;Mobiltelefon;home;NAMOB;iOS
77;1751;10500.0;2.0;f6cb6cb7200875f9432141b90e275e11a3d6427d;Skærmen virker ikke/smadret;2020-01-09 12:51:02;Mobiltelefon;home;NAMOB;iOS
78;1775;5795.0;1.0;14bddcf840943c551bea657e2151106a58f7529d;Lyd/mikrofon virker ikke;2019-06-19 01:04:05;Mobiltelefon;home;NAMOB;iOS
79;1776;8400.0;1.0;14bddcf840943c551bea657e2151106a58f7529d;['Andet', 'Beskrevet 1 gang'];2019-10-10 17:39:18;Mobiltelefon;home;NAMOB;iOS
80;1785;4999.0;1.0;85a13aa49f8dff54b66992019ef9fa1c9ab6d9ca;Tænder ikke;2019-09-19 15:54:04;Mobiltelefon;home;NAMOB;iOS
81;1786;3600.0;1.0;85a13aa49f8dff54b66992019ef9fa1c9ab6d9ca;Skærmen virker ikke/smadret;2020-06-29 07:15:14;Mobiltelefon;home;NAMOB;iOS
82;1817;5900.0;1.0;b5b99c9462e11738b295843cad6512b9357c2de6;Skærmen virker ikke/smadret;2019-07-16 14:53:40;Mobiltelefon;home;NAMOB;iOS
83;1818;3500.0;1.0;b5b99c9462e11738b295843cad6512b9357c2de6;Skærmen virker ikke/smadret;2020-07-22 14:27:22;Mobiltelefon;home;NAMOB;iOS
84;1849;2444.0;1.0;1e4c2bdb16d2e7d0f55c8c8fbde0a881477dbdc0;;2020-08-19 13:34:04;Mobiltelefon;home;NAMOB;iOS
85;1887;8899.0;1.0;d432d75e04b3887dbddefbc9f4cc0c5348bed217;Skærmen virker ikke/smadret;2019-10-19 20:13:50;Mobiltelefon;home;NAMOB;iOS
86;1888;8599.0;1.0;d432d75e04b3887dbddefbc9f4cc0c5348bed217;Skærmen virker ikke/smadret;2020-07-29 12:42:12;Mobiltelefon;home;NAMOB;iOS
87;1904;3210.0;1.0;54c37f147e4c7312708901ab62c4accbb8048379;Skærmen virker ikke/smadret;2019-10-29 08:45:05;Mobiltelefon;home;NAMOB;iOS
88;1918;2500.0;2.0;6a25a6adc13e90d8072b679fd4d9f3d0a1098f5a;Skærmen virker ikke/smadret;2019-11-04 15:09:42;Mobiltelefon;home;NAMOB;iOS
89;1919;5000.0;2.0;6a25a6adc13e90d8072b679fd4d9f3d0a1098f5a;Skærmen er gået i stykker;2019-08-03 20:44:25;Computer & tablet;home;NACOM;iOS
90;1960;8895.0;1.0;db24c5b8bc49e7480424b34a2b6e3ef177976190;Skærmen virker ikke/smadret;2019-12-02 18:10:30;Mobiltelefon;home;NAMOB;iOS
91;2009;7165.0;1.0;9afd0bf59b7df3cef02dd0e450f36d9049b43aa7;Skærmen virker ikke/smadret;2020-01-02 09:45:51;Mobiltelefon;home;NAMOB;iOS
92;2010;9664.0;2.0;9afd0bf59b7df3cef02dd0e450f36d9049b43aa7;['Andet', 'Min kæreste tabte sin IPhone X ned på vores vandkaraffel så bade skærmene på hendes telefon og karaffelen smadrede, og min IPhone SE blev oversvømmet. Jeg skyndte mig at slukke den og ligge den i ris og har ikke turde tænde den hvis det ødelægger mere. Men den koksede fuldstændig da den blev våd. IPhone X’en virker som som sådan fint, men alle flængerne i skærmene gør det svært at bruge den'];2019-08-16 11:55:02;Mobiltelefon;home;NAMOB;iOS
93;2011;7165.0;1.0;9afd0bf59b7df3cef02dd0e450f36d9049b43aa7;['Andet', 'Bagsiden smadret'];2020-03-20 09:59:54;Mobiltelefon;home;NAMOB;iOS
94;2033;5000.0;1.0;71a9e6ee597c0758232990693ba639a214af8f4a;Skærmen virker ikke/smadret;2020-01-10 14:16:12;Mobiltelefon;home;NAMOB;Android
95;2046;5360.0;2.0;4a6c5202e9a82d6a2b80ce3bc6a3743044aa2ed1;Skærmen virker ikke/smadret;2020-01-19 16:13:58;Mobiltelefon;home;NAMOB;iOS
96;2111;5700.0;1.0;ef581ed4e323fce0f012de7c0141953422db1ad2;Skærmen virker ikke/smadret;2020-02-14 10:05:18;Mobiltelefon;home;NAMOB;iOS
97;2112;8460.0;1.0;ef581ed4e323fce0f012de7c0141953422db1ad2;Skærmen virker ikke/smadret;2020-03-26 17:23:10;Mobiltelefon;home;NAMOB;iOS
98;2113;2190.0;1.0;ef581ed4e323fce0f012de7c0141953422db1ad2;;2020-04-15 13:58:04;Møbler;home;NAFUR;iOS
99;2203;10250.0;2.0;80440ed83c777e58d54c006aba7778f0276ed6b2;Skærmen virker ikke/smadret;2020-04-11 19:14:39;Mobiltelefon;home;NAMOB;iOS
100;2204;20000.0;1.0;80440ed83c777e58d54c006aba7778f0276ed6b2;Skærmen er gået i stykker;2020-05-07 11:18:07;Computer & tablet;home;NACOM;iOS
101;2209;8500.0;1.0;000de409933585b889085612a6b32c12fc9301cb;Skærmen virker ikke/smadret;2020-04-12 07:47:11;Mobiltelefon;home;NAMOB;iOS
102;2210;3800.0;1.0;000de409933585b889085612a6b32c12fc9301cb;Batteri holder ikke;2019-09-16 12:35:58;Mobiltelefon;home;NAMOB;iOS
103;2211;12800.0;2.0;000de409933585b889085612a6b32c12fc9301cb;Skærmen er gået i stykker;2020-04-09 19:33:04;Computer & tablet;home;NACOM;iOS
104;2271;8600.0;2.0;921e44ad77d7bb22b43e85be3cac887fddf4f0b3;Skærmen virker ikke/smadret;2019-09-13 08:07:35;Mobiltelefon;home;NAMOB;iOS
105;2338;5660.0;1.0;c7dcffcf38fbe3fc3c4813b09ed4f8f34a235ca4;Ridser/skrammer;2020-05-18 17:56:02;Mobiltelefon;home;NAMOB;iOS
106;2339;5500.0;1.0;c7dcffcf38fbe3fc3c4813b09ed4f8f34a235ca4;En/flere knapper virker ikke;2020-04-22 15:46:30;Mobiltelefon;home;NAMOB;iOS
107;2340;7800.0;1.0;4c869fa985b3212ad5032dac22209068c2cbd73e;Skærmen virker ikke/smadret;2019-10-01 14:15:39;Mobiltelefon;home;NAMOB;iOS
108;2341;6700.0;1.0;4c869fa985b3212ad5032dac22209068c2cbd73e;;2020-05-19 13:35:51;Mobiltelefon;home;NAMOB;iOS
109;2399;9120.0;1.0;35ae37fc5ab81da96edfb6110eca7fe2b2c81e8f;['Andet', 'Skærmen er flækket og rammen er ridset '];2020-06-04 08:41:21;Mobiltelefon;home;NAMOB;iOS
110;2400;9120.0;1.0;35ae37fc5ab81da96edfb6110eca7fe2b2c81e8f;Skærmen virker ikke/smadret;2020-09-30 07:50:41;Mobiltelefon;home;NAMOB;iOS
111;2441;5600.0;1.0;1ca426f6bef0391de00593a413e9b54f0a4d8bb6;Skærmen virker ikke/smadret;2019-11-19 08:26:32;Mobiltelefon;home;NAMOB;iOS
112;2460;7575.0;1.0;3136c34d2f6b9c5a718c6cb465e3c223dc4d3ab2;Skærmen virker ikke/smadret;2019-11-26 21:07:41;Mobiltelefon;home;NAMOB;iOS
113;2498;6648.0;2.0;240683b0aec043e0f524e0106b092da5849cefb1;Lyd/mikrofon virker ikke;2019-12-27 09:01:41;Mobiltelefon;home;NAMOB;iOS
114;2560;7640.0;2.0;b7949764f52f702e1dd4cd8c187b6bfc2dcb42d9;Skærmen virker ikke/smadret;2020-06-25 10:32:30;Mobiltelefon;home;NAMOB;iOS
115;2583;2700.0;1.0;7fe5307b846f138821f46f62b5a5968b008f9046;;2020-07-06 13:03:32;Mobiltelefon;home;NAMOB;Android
116;2634;5618.0;1.0;edccd3f8d2ee2a4d6716fc74b7dbdaa433607004;;2020-08-05 09:06:54;Mobiltelefon;home;NAMOB;Android
117;2662;2750.0;1.0;0215f23cbc0c6fed80ce30cb131bc9ed2a745328;;2020-08-14 13:04:48;Mobiltelefon;home;NAMOB;Android
118;2664;6095.0;1.0;83572538317e6655047ef7a56daeda6694a79325;Tænder ikke;2020-08-15 07:04:15;Mobiltelefon;home;NAMOB;Android
119;2665;6095.0;1.0;83572538317e6655047ef7a56daeda6694a79325;;2020-05-22 12:08:15;Mobiltelefon;home;NAMOB;Android
120;2666;100.0;1.0;83572538317e6655047ef7a56daeda6694a79325;;2020-04-17 12:36:54;Hövding;home;HovdingType;Android
121;2725;9120.0;1.0;cf1247fc40fbe31a7060aa8383567c446ea49052;Skærmen virker ikke/smadret;2020-02-17 15:27:30;Mobiltelefon;home;NAMOB;iOS
122;2726;10080.0;1.0;cf1247fc40fbe31a7060aa8383567c446ea49052;['Andet', 'Batteriet holder ikke længe. Den registrerer nogle gange ikke at jeg rører ved skærmen.og går ud indimellem.'];2021-02-05 16:24:17;Mobiltelefon;home;NAMOB;iOS
123;2743;8760.0;2.0;501ab40c8c3c2da55e107f9e381a9655beeae19e;Kamera virker ikke;2020-02-28 13:28:27;Mobiltelefon;home;NAMOB;iOS
124;2744;23002.0;1.0;501ab40c8c3c2da55e107f9e381a9655beeae19e;Den vil ikke tænde;2020-06-11 02:31:02;Computer & tablet;home;NACOM;iOS
125;2756;5640.0;1.0;45069e067ae1a0c9ed7778100b05a8d26b6e727b;;2020-03-11 07:57:25;Mobiltelefon;home;NAMOB;iOS
126;2757;2499.0;1.0;45069e067ae1a0c9ed7778100b05a8d26b6e727b;;2020-06-10 20:40:48;Møbler;home;NAFUR;iOS
127;2758;5999.0;2.0;45069e067ae1a0c9ed7778100b05a8d26b6e727b;Anden skade;2020-06-10 20:36:54;Computer & tablet;home;NACOM;iOS
128;2759;6699.0;1.0;975ec397660ebb3768ee2b91af7d9d583539c119;;2020-03-12 14:49:32;Mobiltelefon;home;NAMOB;Android
129;2771;7165.0;2.0;8fe93f7933423f76872a02cd047effd11e364b2e;Skærmen virker ikke/smadret;2020-03-29 08:09:39;Mobiltelefon;home;NAMOB;iOS
130;2772;7165.0;3.0;8fe93f7933423f76872a02cd047effd11e364b2e;Skærmen virker ikke/smadret;2020-12-30 10:59:47;Mobiltelefon;home;NAMOB;iOS
131;2775;7989.0;1.0;4a3b1dfa916f6b04f5d843b8c55f3c63335284c1;;2020-03-30 14:15:25;Mobiltelefon;home;NAMOB;iOS
132;2810;6229.0;1.0;a055cb0f14e53c8d59e84801241e5ab0a697a05d;;2020-09-02 08:32:49;Mobiltelefon;home;NAMOB;iOS
133;2838;5600.0;1.0;0ca0ac852b62c107554a36d01c132eeb8711f805;Ridser/skrammer;2020-09-17 18:56:36;Mobiltelefon;home;NAMOB;Android
134;2842;7999.0;2.0;d3ed240a0fad31452a2075df07acacd160be648e;Skærmen virker ikke/smadret;2020-09-18 12:02:44;Mobiltelefon;home;NAMOB;iOS
135;2843;6580.0;1.0;d3ed240a0fad31452a2075df07acacd160be648e;Skærmen virker ikke/smadret;2020-04-14 11:53:25;Mobiltelefon;home;NAMOB;iOS
136;2844;7999.0;1.0;d3ed240a0fad31452a2075df07acacd160be648e;['Andet', 'Ikke blot en ting er ødelagt - både forskærm og bagskærm har revner og er ødelagte. Forskærm har såvel en neon stribe i Venstre side og øverst Venstre er der helt sort. Bagved er kameraglasset også ødelagt.'];2020-06-15 09:38:17;Mobiltelefon;home;NAMOB;iOS
137;2875;6720.0;1.0;7e69ae2d6d21ba4c0ddd8731b7013a1c54b13d73;Skærmen virker ikke/smadret;2020-10-10 10:32:31;Mobiltelefon;home;NAMOB;iOS
138;2876;12999.0;1.0;7e69ae2d6d21ba4c0ddd8731b7013a1c54b13d73;Keyboard/Trackpad;2020-12-21 08:26:43;Computer & tablet;home;NACOM;iOS
139;2896;8460.0;1.0;19e69a13c0781f3c39af83a1a935a857cad7294e;['Andet', 'Smadret skærm for og bag. To kamera er i stykker, så man kan kun tage portræt billeder. Hele rammen er slået skæv'];2020-10-21 14:59:52;Mobiltelefon;home;NAMOB;iOS
140;2937;4994.0;1.0;e306bdfd331d5a68ec9212429b438a2d7c1db1e7;Skærmen virker ikke/smadret;2020-04-13 11:24:08;Mobiltelefon;home;NAMOB;iOS
141;2946;5760.0;1.0;ca498ab24f4156aab3719042f660d95918014270;En/flere knapper virker ikke;2020-04-16 17:29:15;Mobiltelefon;home;NAMOB;iOS
142;3012;1359.0;1.0;7964dc9b0e256d7125c0cc6b09afdc81876a5af7;;2020-06-02 11:24:23;Mobiltelefon;home;NAMOB;iOS
143;3017;8500.0;2.0;f604d621eca24833577a3d0b37484befac7571c8;Skærmen virker ikke/smadret;2020-06-05 11:32:51;Mobiltelefon;home;NAMOB;iOS
144;3021;4000.0;1.0;2bbd2ca6f6e07716e0e69a172a5220b8a5b0e222;Skærmen virker ikke/smadret;2020-06-06 17:26:03;Mobiltelefon;home;NAMOB;iOS
145;3062;3700.0;1.0;8958b6cdfaa34d5f98c1c7342e49066fb21d8f4c;Skærmen virker ikke/smadret;2020-07-06 19:35:41;Mobiltelefon;home;NAMOB;iOS
146;3063;5420.0;1.0;8958b6cdfaa34d5f98c1c7342e49066fb21d8f4c;Skærmen virker ikke/smadret;2021-02-06 03:46:20;Mobiltelefon;home;NAMOB;iOS
147;3064;7500.0;2.0;8958b6cdfaa34d5f98c1c7342e49066fb21d8f4c;Keyboard/Trackpad;2020-02-19 10:15:02;Computer & tablet;home;NACOM;iOS
148;3075;7959.0;1.0;2886fea5300e980f48660c0d74757d535e283958;;2020-07-15 10:48:56;Mobiltelefon;home;NAMOB;Android
149;3125;7536.0;1.0;4b0db46945b652b708d7e358913d77aa5160f407;Skærmen virker ikke/smadret;2021-01-05 13:44:44;Mobiltelefon;home;NAMOB;iOS
150;3126;12813.0;1.0;4b0db46945b652b708d7e358913d77aa5160f407;Skærmen virker ikke/smadret;2020-12-01 11:36:49;Mobiltelefon;home;NAMOB;iOS
151;3127;15000.0;1.0;4b0db46945b652b708d7e358913d77aa5160f407;Skærmen er gået i stykker;2019-11-10 15:05:49;Computer & tablet;home;NACOM;iOS
152;3128;8000.0;1.0;4b0db46945b652b708d7e358913d77aa5160f407;Skærmen er gået i stykker;2020-07-23 14:12:49;Computer & tablet;home;NACOM;iOS
153;3129;5400.0;2.0;b91630bea65708214c57bcbc62f567edbb5b087d;Kamera virker ikke;2021-01-07 12:30:45;Mobiltelefon;home;NAMOB;iOS
154;3139;9800.0;1.0;d24e0be3f546c34b0df6fac45cb2588d5975352f;Skærmen virker ikke/smadret;2021-01-11 15:57:34;Mobiltelefon;home;NAMOB;iOS
155;3147;9720.0;1.0;7d263d1160d8862546bf862c252b002c7ce94f4c;Skærmen virker ikke/smadret;2021-01-19 12:37:40;Mobiltelefon;home;NAMOB;iOS
156;3178;3699.0;1.0;d21f72097772e97a30ae6c068e44da59df954183;Skærmen virker ikke/smadret;2021-02-11 14:13:41;Mobiltelefon;home;NAMOB;iOS
157;3185;9500.0;1.0;f6646cc280af4e1b861eba98c8239bf2559ebc18;Skærmen virker ikke/smadret;2021-02-20 10:28:50;Mobiltelefon;home;NAMOB;iOS
158;3197;6867.0;1.0;7e970b6465143aab1a82a73afeef0c7ff216b844;Skærmen virker ikke/smadret;2021-02-26 15:20:34;Mobiltelefon;home;NAMOB;iOS
159;3200;4299.0;1.0;a049d7d4ed234ea7bc40e8e0476fc6c021230b7e;Skærmen virker ikke/smadret;2021-03-01 10:52:23;Mobiltelefon;home;NAMOB;Android
160;3202;5400.0;1.0;49dcfa3b7a99d643a77852788181d120a149014f;Skærmen virker ikke/smadret;2021-03-07 08:58:46;Mobiltelefon;home;NAMOB;iOS
161;3203;6300.0;1.0;50cb55201ff85d27abb7a09ddb187f55872923d1;Skærmen virker ikke/smadret;2021-03-08 13:07:29;Mobiltelefon;home;NAMOB;iOS
162;3227;5521.0;1.0;dd05282dc36f937b54e75cee7c6255331ff5f02c;;2020-08-14 13:34:58;Mobiltelefon;home;NAMOB;Android
163;3239;5000.0;1.0;880f154f93a022b781e1f28734b5da6977e69165;;2020-08-19 14:49:20;Mobiltelefon;home;NAMOB;Android
164;3254;8400.0;2.0;a14f4b2f2116615e397fcc0959aca944d6b968d5;Skærmen virker ikke/smadret;2020-08-28 11:51:30;Mobiltelefon;home;NAMOB;iOS
165;3326;1299.0;1.0;b54354a0dc27807051c88b02f6747d2e39fef3ca;['Andet', 'Screen is damage because of accident but it is working fine. We want to get it replaced before it gets worst or cause damage to fingers.'];2020-10-01 10:05:11;Mobiltelefon;home;NAMOB;iOS
166;3328;4666.0;2.0;8ee6b4a6b9a44de9271835b9335c74a6297070cb;Skærmen virker ikke/smadret;2020-10-04 18:49:59;Mobiltelefon;home;NAMOB;iOS
167;3329;4000.0;1.0;8ee6b4a6b9a44de9271835b9335c74a6297070cb;Skærmen er gået i stykker;2020-01-04 14:36:16;Computer & tablet;home;NACOM;iOS
168;3351;6000.0;2.0;7d775f7b4b2286752384df32d34634c906dcb0de;Skærmen virker ikke/smadret;2020-10-14 14:03:56;Mobiltelefon;home;NAMOB;iOS
169;3352;6489.0;1.0;7d775f7b4b2286752384df32d34634c906dcb0de;Skærmen er gået i stykker;2019-12-05 13:31:24;Computer & tablet;home;NACOM;iOS
170;3353;1350.0;1.0;7d775f7b4b2286752384df32d34634c906dcb0de;Stellet;2021-03-08 17:55:19;Briller;home;NAGLS;iOS
171;3365;7899.0;1.0;9e27ff2628a34fd99922ceef732a7b099c71e15c;Skærmen virker ikke/smadret;2020-10-19 23:19:38;Mobiltelefon;home;NAMOB;iOS
172;3385;8857.0;1.0;6a3f3d2d6460bbb3d946e7586c3c49e0c84caa17;Skærmen virker ikke/smadret;2020-11-01 00:11:52;Mobiltelefon;home;NAMOB;iOS
173;3389;6216.0;1.0;be7ceb718571000dfac6655877b727b0415da56a;Skærmen virker ikke/smadret;2020-11-03 21:35:43;Mobiltelefon;home;NAMOB;iOS
174;3442;11160.0;1.0;afbac26631cef6ad8256b75eb7c6fb3db14b51b5;Skærmen virker ikke/smadret;2020-12-02 08:21:21;Mobiltelefon;home;NAMOB;iOS
175;3491;8899.0;1.0;7537d5ab4564776590c900c5b3031c10ee7a524e;['Andet', 'Min iPhone x skriver pludselig “ingen Service”. Jeg har prøvet at sætte simkortet over i en anden telefon og det virker fint.  Jeg har prøvet at lave et “Hard restant”, nulstille netværkindstillinger og nu gendannet min iPhone men uden held.   Efter gendannelse af telefonen, skriver den nu “kunne ikke aktivere - der kræves en opdateringen, før du kan aktivere din iPhone”  Selvom den jo netop lige er blevet opdateret.   Så status lige nu, er at telefonen overhovedet ikke kan åbnes op og bruges.'];2021-01-11 16:06:15;Mobiltelefon;home;NAMOB;iOS
176;3501;5699.0;1.0;fc014233f315e887d57b067217dcff7649c5373c;En/flere knapper virker ikke;2021-01-25 14:13:24;Mobiltelefon;home;NAMOB;iOS
177;3525;8520.0;2.0;a21706988a0e8f973e051f247c2ba12e4ad0686e;Skærmen virker ikke/smadret;2021-02-10 17:41:42;Mobiltelefon;home;NAMOB;iOS
178;3526;8000.0;1.0;ace2d8e93b0001b821e1ad4178055696c57fab36;Ridser/skrammer;2021-02-11 14:00:30;Mobiltelefon;home;NAMOB;iOS
179;3547;7560.0;1.0;fea4c93477e8bc37ae67ebeb79543c840240df3a;Tænder ikke;2021-03-07 10:28:46;Mobiltelefon;home;NAMOB;iOS
180;3550;5499.0;1.0;1c897c32db12a56f7e1d13093ae37d52d20670fe;Skærmen virker ikke/smadret;2021-03-09 07:57:12;Mobiltelefon;home;NAMOB;iOS
181;3581;2999.0;1.0;3b23206339b318c1a8bd5e6ecb13d7711a9cb5b0;;2021-01-20 15:16:06;Møbler;home;NAFUR;iOS
182;3585;901.0;1.0;085397ef99bfcf0ac0522c918fcb06776f131615;;2020-04-07 10:43:55;Travel sickness;travel;TravelSicknessProduct;iOS
183;3605;5445.0;1.0;717004e24d4f3d3704a51b928d2d714f0cf5f58b;;2020-04-06 08:41:25;Travel sickness;travel;TravelSicknessProduct;iOS
184;3606;11299.0;1.0;717004e24d4f3d3704a51b928d2d714f0cf5f58b;Keyboard/Trackpad;2021-02-01 09:46:52;Computer & tablet;home;NACOM;iOS
185;3649;17900.0;1.0;9374279636f065d0e8d625367b9dd5b96b1e3735;Skærmen er gået helt i stykker;2019-11-10 09:55:38;TV & HiFi;home;NAOEL;iOS
186;3663;3995.0;1.0;f2ea822c23dd1e9abb558faede5356bbaa53f874;Grønne prikker på skærmen/pixelfejl;2019-10-26 14:14:15;TV & HiFi;home;NAOEL;iOS
187;3674;2333.0;1.0;e83c320d594ac9377a97183b7a1a948f4e9b706f;Skærmen har fået en ridse/skramme;2020-02-12 10:16:20;TV & HiFi;home;NAOEL;iOS
188;3684;1490.0;1.0;4a5b94151967c0bb1e6ca8c9a825dafc1dbeecd2;Vil ikke tænde;2020-09-18 13:30:34;TV & HiFi;home;NAOEL;iOS
189;3717;10000.0;1.0;0880c265403b3b88fcf0e5e3e59be27e46dd9fed;Virker slet ikke;2020-11-11 23:28:50;TV & HiFi;home;NAOEL;iOS
190;3724;2000.0;1.0;b8ce9f9bb2042a0987f63192573fb46fedfd2da0;Der er dårlig lyd;2020-12-22 09:34:38;TV & HiFi;home;NAOEL;iOS
191;3760;11000.0;1.0;740f2eeccb84875c501ef0e3f95364b42ae87f63;;2020-08-19 13:23:56;Computer & tablet;home;NACOM;iOS
192;3846;10500.0;1.0;a3eeaf558db1b3b7ba2ad3d87afe15deef25f660;Den vil ikke tænde;2020-04-16 08:58:37;Computer & tablet;home;NACOM;iOS
193;3847;2900.0;1.0;a3eeaf558db1b3b7ba2ad3d87afe15deef25f660;Skærmen er gået i stykker;2020-05-11 18:32:27;Computer & tablet;home;NACOM;iOS
194;3856;10548.0;1.0;79c2d56b5cb17b1f3ccec342744621cebed98e2a;Skærmen er gået i stykker;2020-04-23 17:39:47;Computer & tablet;home;NACOM;iOS
195;3899;15500.0;1.0;f0edac0802a43f98e14953c8307daad672a0bbf0;['Anden skade', 'Den har fået et knæk'];2019-10-28 10:50:57;Computer & tablet;home;NACOM;iOS
196;3918;3039.0;3.0;8876facb1755d5d5360b9c2e10200491b8f15a7b;Den vil ikke tænde;2020-01-14 22:14:46;Computer & tablet;home;NACOM;iOS
197;3919;2700.0;1.0;8876facb1755d5d5360b9c2e10200491b8f15a7b;Skærmen er gået i stykker;2020-09-09 17:51:58;Computer & tablet;home;NACOM;iOS
198;3920;5395.0;1.0;8876facb1755d5d5360b9c2e10200491b8f15a7b;Kameraet tænder ikke;2020-02-23 14:09:23;Kamera;home;NACAM;iOS
199;4043;8499.0;1.0;5d71bdcd74f4b79d3306ddd33d9406c96dcb8ec8;Skærmen er gået i stykker;2020-04-27 12:16:16;Computer & tablet;home;NACOM;iOS
200;4090;11166.0;1.0;a77b95ec25e5bc1abe887f1294129ddf18c622a4;Batteriet virker ikke rigtigt;2021-01-18 14:40:10;Computer & tablet;home;NACOM;iOS
201;4104;15038.0;1.0;6f12d44a6addc33b0b9ae1435d7f8f9174abd559;Anden skade;2021-02-14 11:56:40;Computer & tablet;home;NACOM;iOS
202;4105;11000.0;1.0;d1c4eeb21e6a30901199a39a66025c24f94d06e6;Skærmen er gået i stykker;2021-02-17 14:54:11;Computer & tablet;home;NACOM;iOS
203;4162;11999.0;1.0;9a8bb9af585fac0ca629233a61c5500a99ffb514;Skærmen er gået i stykker;2020-09-21 10:08:31;Computer & tablet;home;NACOM;iOS
204;4167;14568.0;1.0;c52278dd5350b1db13b126d6da768313353ff591;Den vil ikke tænde;2020-09-29 11:07:09;Computer & tablet;home;NACOM;iOS
205;4169;22998.0;1.0;0ef0d7d553fdde12ca47affa02f8da4c5363835a;Den vil ikke tænde;2020-09-30 13:52:35;Computer & tablet;home;NACOM;iOS
206;4182;11208.0;1.0;154d451fb97ea8e8c42b53ac3f0962aff17fef92;Skærmen er gået i stykker;2020-10-10 11:09:58;Computer & tablet;home;NACOM;Android
207;4186;2000.0;1.0;0a30af6e209a6652567f9ceaf822d5d96f4fbce3;Skærmen er gået i stykker;2020-10-14 12:58:59;Computer & tablet;home;NACOM;iOS
208;4206;14580.0;2.0;151614cee992293c6bea0c528c68c0d575a018ad;Den vil ikke tænde;2020-11-08 14:26:38;Computer & tablet;home;NACOM;iOS
209;4222;11549.0;1.0;a8310d05d8bdae6b968f4bc78099fff83347c52d;Den vil ikke tænde;2020-11-18 16:00:26;Computer & tablet;home;NACOM;iOS
210;4231;7000.0;1.0;16afb3b40e71cb00bcdcca2d27a46bcf60b3b56a;Anden skade;2020-11-27 14:56:38;Computer & tablet;home;NACOM;Android
211;4302;2288.0;1.0;5a3ab81a55b0f6612f7067840f77660081316587;Stellet;2020-02-26 22:06:45;Briller;home;NAGLS;iOS
212;4307;2812.0;1.0;d8521028bce5288c55c0c683f38f209e9f98c4cb;;2020-04-19 18:32:31;Briller;home;NAGLS;Android
213;4385;2247.0;1.0;0a6b8d0fbffd5edd6429900f33e885ef68133296;Både glas og stel;2020-11-10 17:33:01;Briller;home;NAGLS;iOS
214;4391;3148.0;1.0;95474757bce887ba7462d4e1964887e67ee9a95e;Glasset;2021-01-19 20:23:16;Briller;home;NAGLS;Android
215;4399;5466.0;2.0;aeced72b9e7c8969bf072635ce7ed00097fecad1;Andet;2019-03-28 06:41:05;Kamera;home;NACAM;iOS
216;4435;4500.0;1.0;4f45a429409903fde3d0f42b3afd60128832f5a4;;2019-12-07 17:22:34;Luggage theft;travel;LuggageTheft;iOS
217;4446;8699.0;1.0;c6ba725791f1d7590bc6d4f06bf02587506fc98e;;2020-12-15 11:07:49;Luggage theft;travel;LuggageTheft;iOS
218;4463;13300.0;2.0;c58f819a209ea1cebd396140036d54d62f4abae2;;2019-10-13 19:52:49;Vandskade;home;NUTLWA;iOS
219;4470;9994.0;1.0;550657cb1db0162c6bb21f1c84b512ec1f6409a3;;2020-04-03 09:48:37;Vandskade;home;NUTLWA;iOS
220;4482;2200.0;1.0;584d4f82577dcd9a67b9ea620209e7f8d6422820;;2020-12-03 10:35:44;Vandskade;home;NUTLWA;Android
221;4489;4205.0;1.0;f2155b0ddd10d06dd15480c2678745551ae07a2f;;2020-06-11 08:58:56;Ansvar;home;NLIAB;iOS
222;4508;6489.0;1.0;98c8a280a965f27c82adcfc470baf14f8675a58e;;2020-01-20 13:40:19;Ansvar;home;NLIAB;iOS
223;4526;239.0;1.0;0bd93efd6c8ba9adf79b11991f38de3c98616bc9;;2020-01-21 15:20:08;Høretelefoner;home;HeadPhonesType;iOS
224;4534;8100.0;3.0;f9573ea4c9fe83003ff050aea0b446f67fc4bf28;;2020-09-10 17:14:45;Høretelefoner;home;HeadPhonesType;Android
225;4537;2199.0;1.0;9e5cad080e812d8f435922ab3ed5138cf07a26e4;;2021-01-28 18:21:00;Høretelefoner;home;HeadPhonesType;iOS
226;4547;1499.0;1.0;89a66040c7d86008617e3caccf344695dbe759ef;;2021-02-05 14:11:34;Høretelefoner;home;HeadPhonesType;Android
227;4569;1200.0;1.0;87f51a0b8e0c654b03ad66bda49980b4d9f258e7;;2020-10-28 13:08:39;Hövding;home;HovdingType;iOS
228;4579;4999.0;1.0;fde7f98004967ce13d7426d38eec1ca74061b95a;;2020-04-30 10:55:13;Glas & Sanitet;home;GlassBreakageType;iOS
